Requirement ID,Scenario ID,Scenario Title,Scenario Type
FR-021,POS-001,Successful Login,POSITIVE
FR-022,POS-002,Select Dropdown Option,POSITIVE
FR-023,POS-003,Upload File Successfully,POSITIVE
FR-022,POS-004,Select Alternative Dropdown Option,POSITIVE
FR-023,POS-005,Drag and Drop File Upload,POSITIVE
FR-021,POS-006,Verify Secure Area Access,POSITIVE
FR-004,POS-007,Trigger Alert Dialog,POSITIVE
FR-004,POS-008,Dismiss Alert Dialog,POSITIVE
FR-005,POS-009,Trigger Confirm Dialog,POSITIVE
FR-005,POS-010,Trigger Prompt Dialog,POSITIVE
FR-006,POS-011,Verify Drag and Drop Area,POSITIVE
FR-006,POS-012,Verify Draggable Targets,POSITIVE
FR-007,POS-013,Verify Table Headers,POSITIVE
FR-007,POS-014,Verify Table Data,POSITIVE
FR-008,POS-015,Verify Edit Action,POSITIVE
FR-008,POS-016,Verify Delete Action,POSITIVE
FR-009,POS-017,Verify Notification Display,POSITIVE
FR-009,POS-018,Verify Notification Content,POSITIVE
FR-010,POS-019,Load New Notification,POSITIVE
FR-010,POS-020,Multiple Notification Loads,POSITIVE
FR-011,POS-021,Verify Ad Display,POSITIVE
FR-011,POS-022,Verify Ad Visibility,POSITIVE
FR-012,POS-023,Close Ad,POSITIVE
FR-012,POS-024,Verify Ad Suppression,POSITIVE
FR-021,POS-025,Re-enable Ad Successfully,POSITIVE
FR-021,POS-026,Verify Ad Persistence,POSITIVE
FR-022,POS-027,Observe Random Typo Behavior,POSITIVE
FR-022,POS-028,Verify Descriptive Text Presence,POSITIVE
FR-023,POS-029,Add Single Element,POSITIVE
FR-023,POS-030,Add Multiple Elements,POSITIVE
FR-016,POS-031,Remove Added Element,POSITIVE
FR-016,POS-032,Remove Multiple Elements,POSITIVE
FR-017,POS-033,Reveal Details on Hover,POSITIVE
FR-017,POS-034,Hide Details on Mouse Out,POSITIVE
FR-021,POS-035,Login With Valid Credentials,POSITIVE
FR-021,POS-036,Successful File Upload,POSITIVE
FR-022,POS-037,Handle JavaScript Alert,POSITIVE
FR-023,POS-038,Handle JavaScript Confirm,POSITIVE
FR-021,POS-039,Adjust Slider via Mouse,POSITIVE
FR-021,POS-040,Adjust Slider via Keyboard,POSITIVE
FR-022,POS-041,Trigger Infinite Scroll,POSITIVE
FR-022,POS-042,Verify Continuous Loading,POSITIVE
FR-023,POS-043,Grant Geolocation Permission,POSITIVE
FR-023,POS-044,Verify Geolocation UI State,POSITIVE
FR-021,NEG-001,Login With Invalid Credentials,NEGATIVE
FR-022,NEG-002,Attempt Selection Without Interaction,NEGATIVE
FR-023,NEG-003,Upload Without File Selection,NEGATIVE
FR-004,NEG-004,Trigger Alert Without Interaction,NEGATIVE
FR-005,NEG-005,Trigger Dialogs Without Interaction,NEGATIVE
FR-006,NEG-006,Access Invalid Drag Path,NEGATIVE
FR-007,NEG-007,Verify Table Data Integrity,NEGATIVE
FR-008,NEG-008,Verify Action Controls Absence,NEGATIVE
FR-009,NEG-009,Verify Notification Absence,NEGATIVE
FR-010,NEG-010,Load Notification Failure,NEGATIVE
FR-011,NEG-011,Verify Ad Display on Subsequent Load,NEGATIVE
FR-012,NEG-012,Verify Ad Close Failure,NEGATIVE
FR-021,NEG-013,Attempt Re-enablement on Active Ad,NEGATIVE
FR-022,NEG-014,Verify No Typo on Refresh,NEGATIVE
FR-023,NEG-015,Add Element Without Navigation,NEGATIVE
FR-016,NEG-016,Remove Non-existent Element,NEGATIVE
FR-017,NEG-017,Hover Over Non-Image Area,NEGATIVE
FR-022,NEG-019,Submit Upload Without File,NEGATIVE
FR-023,NEG-020,Cancel JavaScript Confirm,NEGATIVE
FR-021,NEG-021,Invalid Slider Input,NEGATIVE
FR-022,NEG-022,Scroll Beyond Content Limit,NEGATIVE
FR-023,NEG-023,Deny Geolocation Permission,NEGATIVE
FR-023,BND-001,Add Maximum Supported Elements,BOUNDARY
FR-016,BND-002,Remove Last Remaining Element,BOUNDARY
FR-021,BND-003,Login With Empty Fields,BOUNDARY
FR-022,BND-004,Upload Large File,BOUNDARY
FR-023,BND-005,Rapid Dialog Triggering,BOUNDARY
FR-021,BND-006,Slider Maximum Boundary,BOUNDARY
FR-021,BND-007,Slider Minimum Boundary,BOUNDARY
